0.39492103457450867,-0.010079660452902317,0.026999518275260925,0.1449153780844437,-0.8483323883815467,1.4736655155175267,-1.5704549095431486,-0.8220070410061135,-0.6401685323043752,0.0068731061182916164,-11.543554306030273,3.1891212463378906,0.24627135694026947,0.3361271321773529,0.20300747454166412
0.39492109417915344,-0.010079647414386272,0.026899531483650208,0.1449201717744059,-0.8483446389225611,1.4736655155175267,-1.5704549095431486,-0.8218813398026618,-0.6401759891554274,0.02061931975185871,-10.077706336975098,3.1478826999664307,0.2562553286552429,0.24627135694026947,0.22297541797161102
0.3949211835861206,-0.010079636238515377,0.026799514889717102,0.144924965464368,-0.84837446632677,1.4736633849886545,-1.5704842043151392,-0.821722082769475,-0.6401759891554274,0.04123863950371742,-8.497339248657227,3.0791516304016113,0.23628738522529602,0.16972754895687103,0.21964742243289948
0.3949211537837982,-0.010079634375870228,0.02669958770275116,0.144924965464368,-0.8484703401260129,1.4736708418397069,-1.570476747464087,-0.8215521730919281,-0.6401909028575319,0.03436553105711937,-7.420856475830078,3.044785976409912,0.23961538076400757,0.10982371121644974,0.23628738522529602
0.39492112398147583,-0.01007963065057993,0.026599571108818054,0.144924965464368,-0.8493321390547626,1.4736852229095931,-1.5704810085218313,-0.821381730782163,-0.6401759891554274,0.0068731061182916164,-10.35255241394043,3.0379128456115723,0.21964742243289948,0.033279914408922195,0.23295938968658447
0.39492109417915344,-0.010079647414386272,0.02649955451488495,0.1449177749294248,-0.8493353348480706,1.4736878860706832,-1.5704623663942006,-0.8212336590255545,-0.6401759891554274,0.027492424473166466,-9.963187217712402,2.9966742992401123,0.22297541797161102,-0.039935898035764694,0.20966345071792603
0.39492106437683105,-0.010079653933644295,0.02639956772327423,0.1449177749294248,-0.849347052756867,1.473677766058541,-1.570469823245253,-0.8210781304178938,-0.6401685323043752,0.0068731061182916164,-8.703473091125488,2.976055145263672,0.21299144625663757,-0.11315170675516129,0.24959935247898102
0.39492103457450867,-0.01007964089512825,0.026299506425857544,0.1449276286254581,-0.849681545789781,1.4736996039794796,-1.5704586379686745,-0.8208895786127164,-0.6401759891554274,0.05498484894633293,-8.107972145080566,2.879831552505493,0.21299144625663757,-0.20300747454166412,0.21631942689418793
0.39492103457450867,-0.010079641826450825,0.02619948983192444,0.144924965464368,-0.8496996552851935,1.4736996039794796,-1.570476747464087,-0.8207196689351691,-0.6401648038788491,0.04123863950371742,-7.375048637390137,2.8660852909088135,0.23628738522529602,-0.2562553286552429,0.20300747454166412
0.39492103457450867,-0.01007963065057993,0.02609953284263611,0.14490552438841045,-0.8501172389441178,1.473711854520494,-1.5704842043151392,-0.8205012897257827,-0.6401791849487355,0.02061931975185871,-6.092431545257568,2.838593006134033,0.21964742243289948,-0.32614314556121826,0.24294336140155792
0.3949210047721863,-0.010079639963805676,0.02599947154521942,0.144924965464368,-0.8506019342625123,1.4737315619125606,-1.5704842043151392,-0.8202642683887656,-0.6401573470277968,0.02061931975185871,-9.390589714050293,2.762988567352295,0.20633547008037567,-0.37939101457595825,0.21299144625663757
0.39492106437683105,-0.010079639963805676,0.025899484753608704,0.1449177749294248,-0.8506136521713087,1.4737288987514705,-1.5704586379686745,-0.8200128659818621,-0.6401685323043752,0.027492424473166466,-8.543146133422852,2.7080037593841553,0.24294336140155792,-0.3827190101146698,0.22630341351032257
0.39492112398147583,-0.010079626925289631,0.025799527764320374,0.14492256861938693,-0.8506397511499915,1.473745942982447,-1.5704660948197267,-0.8196948845477068,-0.6401685323043752,0.04123863950371742,-7.2147216796875,2.646146059036255,0.23961538076400757,-0.3627510368824005,0.21964742243289948
0.3949211537837982,-0.010079637169837952,0.025699540972709656,0.1449153780844437,-0.850758528134609,1.4740261075291232,-1.570476747464087,-0.8202131356958361,-0.6401685323043752,0.03436553105711937,-5.680161952972412,2.7767350673675537,0.21299144625663757,-0.37273502349853516,0.22297541797161102
0.3949211537837982,-0.010079634375870228,0.025599583983421326,0.1449276286254581,-0.8522467025517453,1.4745614029082292,-1.5704660948197267,-0.8179712866902075,-0.640161075453323,0.027492424473166466,-13.513287544250488,3.3128373622894287,0.22630341351032257,0.28620725870132446,0.21964742243289948
0.39492109417915344,-0.010079634375870228,0.025499537587165833,0.1449177749294248,-0.8522317888496408,1.4745443586772526,-1.5704735516707788,-0.8180197562220469,-0.6401717280976833,0.0068731061182916164,-13.330057144165039,3.5327765941619873,0.23961538076400757,0.289535254240036,0.23961538076400757
0.39492103457450867,-0.010079626925289631,0.025399520993232727,0.144924965464368,-0.8522424414940012,1.4745177270663519,-1.5704842043151392,-0.817923349790586,-0.6401717280976833,0.013746212236583233,-12.047439575195312,3.704604387283325,0.19967947900295258,0.18969550728797913,0.24294336140155792
0.39492103457450867,-0.010079625993967056,0.025299474596977234,0.144924965464368,-0.852270138369338,1.4745102702152997,-1.5704623663942006,-0.817760364331873,-0.6401717280976833,0.04123863950371742,-10.489975929260254,3.787081718444824,0.22963140904903412,0.09318375587463379,0.21631942689418793
0.39492103457450867,-0.01007961668074131,0.02519945800304413,0.14491298123946267,-0.8523292605455377,1.4745006828353755,-1.5704660948197267,-0.8176644905326302,-0.6401759891554274,0.027492424473166466,-8.795089721679688,3.828320026397705,0.23295938968658447,0.003327991347759962,0.21631942689418793
0.39492103457450867,-0.010079617612063885,0.02509947121143341,0.1449177749294248,-0.8525779997913512,1.4745006828353755,-1.570469823245253,-0.8175126903504959,-0.6401759891554274,0.04811174422502518,-8.520242691040039,3.828320026397705,0.20966345071792603,-0.06988781690597534,0.20633547008037567
0.39492103457450867,-0.010079613886773586,0.024999484419822693,0.14492256861938693,-0.8526845262349544,1.4745054765253376,-1.5704623663942006,-0.8173608901683612,-0.6401573470277968,0.02061931975185871,-7.375048637390137,3.8077008724212646,0.24294336140155792,-0.14643160998821259,0.20300747454166412
0.3949209749698639,-0.010079611092805862,0.024899497628211975,0.14492256861938693,-0.8530808046051581,1.4744857691332711,-1.5704623663942006,-0.8171723383631836,-0.6401717280976833,-0.0068731061182916164,-8.016357421875,3.759589195251465,0.23628738522529602,-0.22963140904903412,0.20633547008037567
0.39492103457450867,-0.01007960457354784,0.024799570441246033,0.1449153780844437,-0.8534131671091999,1.474491095455451,-1.5704660948197267,-0.8170056244789446,-0.640161075453323,0.027492424473166466,-8.405722618103027,3.793954849243164,0.23295938968658447,-0.306175172328949,0.23295938968658447
0.39492103457450867,-0.010079600848257542,0.02469956874847412,0.14493242231542025,-0.8534451250422809,1.4744958891454132,-1.5704735516707788,-0.8167765926251979,-0.6401759891554274,0.03436553105711937,-7.856030464172363,3.8145740032196045,0.22630341351032257,-0.3694070279598236,0.23628738522529602
0.3949210047721863,-0.01007960457354784,0.024599581956863403,0.1449153780844437,-0.8541780269742707,1.4745102702152997,-1.5704549095431486,-0.8164218595679994,-0.6401759891554274,0.02061931975185871,-10.444168090820312,3.7664620876312256,0.22297541797161102,-0.3228151500225067,0.24627135694026947
0.39492103457450867,-0.010079602710902691,0.024499595165252686,0.1449276286254581,-0.8541801575031427,1.4745006828353755,-1.5704623663942006,-0.8161811098054562,-0.640161075453323,0.0068731061182916164,-9.802860260009766,3.670238733291626,0.21964742243289948,-0.3361271321773529,0.23295938968658447
0.39492106437683105,-0.010079593397676945,0.024399638175964355,0.14492256861938693,-0.8542046585851715,1.4745251839174043,-1.5704735516707788,-0.8168841843332371,-0.6401685323043752,0.013746212236583233,-8.153780937194824,3.580888271331787,0.22963140904903412,-0.20633547008037567,0.22630341351032257
0.39492109417915344,-0.010079597122967243,0.02429966628551483,0.1449201717744059,-0.8548699162254733,1.4745129333763898,-1.5704842043151392,-0.8149123798621425,-0.640161075453323,0.0068731061182916164,-8.703473091125488,3.546522855758667,0.21964742243289948,0.21299144625663757,0.21299144625663757
0.39492103457450867,-0.01007960457354784,0.024199679493904114,0.1449177749294248,-0.8548651225355113,1.4745129333763898,-1.570476747464087,-0.8147611123122259,-0.6401791849487355,0.04123863950371742,-8.795089721679688,3.5740151405334473,0.22297541797161102,0.10649572312831879,0.23961538076400757
0.39492106437683105,-0.010079603642225266,0.024099692702293396,0.1449276286254581,-0.854890688881976,1.4745251839174043,-1.570469823245253,-0.8145166341241566,-0.6401759891554274,0.027492424473166466,-7.375048637390137,3.4915378093719482,0.21631942689418793,0.08652777224779129,0.21964742243289948
0.39492109417915344,-0.010079598985612392,0.023999735713005066,0.144924965464368,-0.8551330365411731,1.4745299776073664,-1.5704623663942006,-0.8143019833402962,-0.6401685323043752,0.013746212236583233,-7.306337356567383,3.4846646785736084,0.22630341351032257,0.05990384519100189,0.22963140904903412
0.39492109417915344,-0.010079588741064072,0.02389971911907196,0.1449276286254581,-0.8554041463401433,1.4745369018262005,-1.5704879327406653,-0.8141171599606447,-0.6401759891554274,0.027492424473166466,-6.184047222137451,3.422806978225708,0.22297541797161102,-0.016639957204461098,0.21299144625663757
0.39492109417915344,-0.010079598985612392,0.023799732327461243,0.1449153780844437,-0.8561136124545403,1.4745321081362384,-1.5704916611661917,-0.8138950523257322,-0.6401648038788491,0.05498484894633293,-10.077706336975098,3.340329647064209,0.20633547008037567,-0.043263886123895645,0.21964742243289948
0.39492112398147583,-0.010079584084451199,0.023699715733528137,0.144924965464368,-0.8561247977311187,1.4745422281483807,-1.5704879327406653,-0.8137437847758157,-0.6401759891554274,0.02061931975185871,-9.36768627166748,3.25097918510437,0.21299144625663757,-0.12313567847013474,0.21299144625663757
0.3949211835861206,-0.010079571977257729,0.023599699139595032,0.14492256861938693,-0.8561391788010051,1.4745395649872906,-1.5704879327406653,-0.8136106267213117,-0.6401717280976833,0.02061931975185871,-8.176684379577637,3.3128373622894287,0.20300747454166412,-0.17971153557300568,0.23628738522529602
0.394921213388443,-0.010079581290483475,0.023499712347984314,0.144924965464368,-0.8564811286849712,1.4745443586772526,-1.5704916611661917,-0.8134364559860205,-0.6401717280976833,0.02061931975185871,-7.74151086807251,3.2784717082977295,0.21964742243289948,-0.2562553286552429,0.23295938968658447
0.39492127299308777,-0.010079563595354557,0.02339969575405121,0.14492256861938693,-0.8567996427513447,1.4745395649872906,-1.5705103032938221,-0.8132479041808429,-0.6401685323043752,0.013746212236583233,-8.222492218017578,3.2028675079345703,0.21964742243289948,-0.31948718428611755,0.22963140904903412
0.39492127299308777,-0.010079576633870602,0.02329963445663452,0.14492256861938693,-0.8570920578390353,1.4745347712973285,-1.570539598065813,-0.8130226007526222,-0.6401685323043752,0.013746212236583233,-7.878933906555176,3.2028675079345703,0.20633547008037567,-0.37273502349853516,0.23295938968658447
0.39492130279541016,-0.010079573839902878,0.023199617862701416,0.1449201717744059,-0.8571218852432443,1.4745443586772526,-1.5705364022725048,-0.8128633437194355,-0.6401573470277968,0.04811174422502518,-7.420856475830078,3.092897891998291,0.17638354003429413,-0.4226548969745636,0.23961538076400757
0.39492130279541016,-0.01007958222180605,0.023099616169929504,0.1449177749294248,-0.8574382687807457,1.4745369018262005,-1.5705252169959265,-0.8125634717806925,-0.6401866417997877,0.0,-7.581183433532715,3.1203904151916504,0.18636751174926758,-0.43263885378837585,0.24627135694026947
0.39492127299308777,-0.010079577565193176,0.02299964427947998,0.144924965464368,-0.8574617045983384,1.4745443586772526,-1.5705326738469787,-0.812341896777998,-0.6401759891554274,0.02061931975185871,-6.504701614379883,3.1066439151763916,0.17971153557300568,-0.45926281809806824,0.23961538076400757
0.394921213388443,-0.010079577565193176,0.02289964258670807,0.1449201717744059,-0.8584348236606533,1.474547021838343,-1.5705806107466,-0.8113469397947443,-0.640161075453323,0.02061931975185871,-8.726377487182617,3.0310399532318115,0.18303953111171722,-0.262911319732666,0.23295938968658447
0.394921213388443,-0.010079572908580303,0.022799670696258545,0.1449177749294248,-0.8584273668096012,1.474547021838343,-1.5705806107466,-0.811402333545418,-0.6401648038788491,0.027492424473166466,-9.459301948547363,2.934816360473633,0.14975960552692413,-0.23628738522529602,0.19967947900295258
0.39492127299308777,-0.010079585947096348,0.02269972860813141,0.144924965464368,-0.8584348236606533,1.4745614029082292,-1.5705806107466,-0.8112840891930184,-0.6401648038788491,0.03436553105711937,-8.611858367919922,3.003547430038452,0.15974359214305878,-0.29286321997642517,0.20966345071792603
0.3949212431907654,-0.010079586878418922,0.02259974181652069,0.14491298123946267,-0.8586020701771103,1.4745640660693193,-1.5705731538955479,-0.8107993938746241,-0.640161075453323,0.04811174422502518,-7.626991271972656,2.893577814102173,0.16307157278060913,-0.21631942689418793,0.24627135694026947
0.39492127299308777,-0.010079584084451199,0.022499769926071167,0.1449177749294248,-0.8586516049733858,1.4745688597592814,-1.5705806107466,-0.8106401368414373,-0.6401648038788491,0.02061931975185871,-6.596316814422607,2.7698616981506348,0.15641559660434723,-0.22963140904903412,0.23961538076400757
0.3949212431907654,-0.0100795803591609,0.02239975333213806,0.1449153780844437,-0.8587352282316142,1.474583240829168,-1.5705768823210742,-0.8104073765621644,-0.6401791849487355,0.04123863950371742,-5.0617570877075195,2.8729584217071533,0.16639956831932068,-0.24959935247898102,0.20966345071792603
0.394921213388443,-0.010079584084451199,0.022299736738204956,0.1449276286254581,-0.8595917008381838,1.4745640660693193,-1.5706951266734737,-0.8100856667024828,-0.6401648038788491,0.03436553105711937,-7.306337356567383,2.797354221343994,0.12313567847013474,-0.22297541797161102,0.22297541797161102
0.3949212431907654,-0.010079587809741497,0.02219974994659424,0.1449153780844437,-0.8595895703093118,1.4745614029082292,-1.5706695603270087,-0.8099892602710219,-0.6401685323043752,0.013746212236583233,-7.2147216796875,2.762988567352295,0.09651174396276474,-0.2828792631626129,0.23628738522529602
0.3949212431907654,-0.010079587809741497,0.02209968864917755,0.1449201717744059,-0.8596156692879945,1.4745640660693193,-1.5706658319014826,-0.8098268074445271,-0.6401717280976833,0.03436553105711937,-6.000816345214844,2.646146059036255,0.10316773504018784,-0.38604697585105896,0.19967947900295258
0.394921213388443,-0.010079590603709221,0.02199968695640564,0.1449153780844437,-0.8597174020416355,1.4745688597592814,-1.5706658319014826,-0.809686192538971,-0.6401573470277968,0.013746212236583233,-4.786910533905029,2.687384605407715,0.09983973950147629,-0.4759027659893036,0.21964742243289948
0.394921213388443,-0.010079583153128624,0.021899640560150146,0.14493242231542025,-0.8605312640707636,1.4745661965981913,-1.570680212971369,-0.8094528996274799,-0.6401685323043752,0.03436553105711937,-8.107972145080566,2.549922466278076,0.07321580499410629,-0.5025267004966736,0.23628738522529602
0.394921213388443,-0.010079583153128624,0.02179957926273346,0.144924965464368,-0.860540851450688,1.474556609218267,-1.5706876698224213,-0.8093160131474499,-0.6401866417997877,0.013746212236583233,-7.260529041290283,2.5293030738830566,0.08319978415966034,-0.579070508480072,0.19967947900295258
0.394921213388443,-0.010079578496515751,0.021699607372283936,0.1449177749294248,-0.8605669504293707,1.4745763166103336,-1.5706844740291133,-0.8091311897677984,-0.6401717280976833,0.013746212236583233,-5.703065872192383,2.4468259811401367,0.07987179607152939,-0.6389743685722351,0.24294336140155792
0.3949212431907654,-0.010079577565193176,0.021599620580673218,0.1449201717744059,-0.8609664245928828,1.4745736534492435,-1.5706844740291133,-0.8088723305098428,-0.6401685323043752,0.02061931975185871,-6.321470737457275,2.4468259811401367,0.07654379308223724,-0.6689262390136719,0.23295938968658447
0.39492130279541016,-0.010079571045935154,0.021499603986740112,0.1449177749294248,-0.8612662965316257,1.4745688597592814,-1.5707025835245256,-0.8085133363949001,-0.6401685323043752,0.02061931975185871,-6.000816345214844,2.4880645275115967,0.06988781690597534,-0.6589422821998596,0.22297541797161102
0.39492133259773254,-0.010079583153128624,0.021399617195129395,0.14492256861938693,-0.8613014502580147,1.4745784471392056,-1.5707025835245256,-0.8082171928816833,-0.6401648038788491,0.0,-5.428219318389893,2.3643486499786377,0.06323183327913284,-0.6423023343086243,0.23961538076400757
0.39492130279541016,-0.010079575702548027,0.021299630403518677,0.1449201717744059,-0.8618916067555763,1.4746077419111967,-1.5707361393542607,-0.8066821468293616,-0.6401834460064797,0.0068731061182916164,-6.619220733642578,2.391841173171997,0.05657585337758064,-0.14643160998821259,0.24627135694026947
0.39492127299308777,-0.010079569183290005,0.021199584007263184,0.1449177749294248,-0.8618985309744104,1.4746125356011588,-1.5707398677797868,-0.8068376754370222,-0.640161075453323,0.02061931975185871,-5.977911949157715,2.384967803955078,0.039935898035764694,-0.05657585337758064,0.20966345071792603
0.39492127299308777,-0.010079563595354557,0.02109953761100769,0.1449153780844437,-0.8619310215397094,1.474622122981083,-1.5707361393542607,-0.8067934669629269,-0.6401648038788491,0.013746212236583233,-4.764006614685059,2.3643486499786377,0.046591877937316895,-0.12646366655826569,0.21964742243289948
0.39492130279541016,-0.010079564526677132,0.020999550819396973,0.14492256861938693,-0.8628285068270661,1.4745933608413102,-1.5708027183815128,-0.8065750877535404,-0.6401717280976833,0.0,-6.733740329742432,2.2887444496154785,0.009983974508941174,-0.17638354003429413,0.21964742243289948
0.39492133259773254,-0.010079561732709408,0.020899564027786255,0.14492256861938693,-0.862826908930412,1.4746029482212344,-1.5707803478283562,-0.8065085087262884,-0.6401759891554274,0.02061931975185871,-6.916971206665039,2.2131402492523193,0.016639957204461098,-0.24959935247898102,0.22630341351032257
0.3949213922023773,-0.010079554282128811,0.020799562335014343,0.14491298123946267,-0.8628423552647345,1.4746125356011588,-1.5707840762538823,-0.8063497843253196,-0.6401791849487355,0.027492424473166466,-6.023719787597656,2.17877459526062,0.006655982695519924,-0.3361271321773529,0.24627135694026947
0.39492136240005493,-0.01007955614477396,0.020699575543403625,0.14492256861938693,-0.86309322503942,1.474619992452211,-1.5707840762538823,-0.8061276766904071,-0.6401648038788491,0.013746212236583233,-5.244987964630127,2.17877459526062,0.009983974508941174,-0.41267094016075134,0.25292733311653137
0.39492133259773254,-0.010079560801386833,0.020599573850631714,0.144924965464368,-0.8631411619390413,1.4746151987622487,-1.5707803478283562,-0.8059870617848509,-0.6401866417997877,0.013746212236583233,-4.214313507080078,2.11004376411438,0.013311965391039848,-0.49254271388053894,0.21964742243289948
0.39492130279541016,-0.010079571977257729,0.02049955725669861,0.1449079212333915,-0.863802158521599,1.4745954913701822,-1.5708836784786513,-0.8057468446545257,-0.6401573470277968,0.013746212236583233,-5.33660364151001,2.1169166564941406,-0.023295938968658447,-0.5557745695114136,0.23961538076400757
0.39492127299308777,-0.010079578496515751,0.02039960026741028,0.1449177749294248,-0.863804289050471,1.474622122981083,-1.5708394700045558,-0.8055359222961914,-0.6401791849487355,0.0068731061182916164,-5.267892360687256,2.0069470405578613,-0.033279914408922195,-0.6056944131851196,0.21299144625663757
0.39492136240005493,-0.010079578496515751,0.02029961347579956,0.1449276286254581,-0.8638612806977988,1.4746418303731497,-1.57083574157903,-0.8051992987344054,-0.6401648038788491,0.027492424473166466,-3.6646203994750977,1.9107234477996826,-0.036607902497053146,-0.525822639465332,0.24627135694026947
0.39492136240005493,-0.010079577565193176,0.020199596881866455,0.1449177749294248,-0.8642389169403721,1.4746295798321354,-1.5708655689832387,-0.8049255257743452,-0.6401536186022708,0.04123863950371742,-4.28302526473999,1.9313428401947021,-0.036607902497053146,-0.5424625873565674,0.22963140904903412
0.3949213922023773,-0.010079578496515751,0.020099610090255737,0.1449153780844437,-0.864640521632756,1.474619992452211,-1.5708692974087648,-0.8045223231853074,-0.6401685323043752,0.0068731061182916164,-4.5578718185424805,1.896977424621582,-0.029951922595500946,-0.5058546662330627,0.24627135694026947
0.3949214518070221,-0.010079579427838326,0.019999563694000244,0.1449177749294248,-0.86464211952941,1.4746274493032632,-1.5708730258342907,-0.8042927586993425,-0.6401791849487355,-0.013746212236583233,-4.168505668640137,1.896977424621582,-0.046591877937316895,-0.5025267004966736,0.21964742243289948
0.3949214816093445,-0.010079572908580303,0.019899606704711914,0.14493242231542025,-0.8653872720024143,1.474624786142173,-1.5708948637552294,-0.8033201722692455,-0.6401685323043752,0.03436553105711937,-6.550509452819824,1.8488656282424927,-0.05657585337758064,-0.06323183327913284,0.23961538076400757
0.39492151141166687,-0.010079574771225452,0.019799605011940002,0.1449201717744059,-0.8653931309568124,1.474622122981083,-1.5708985921807554,-0.8032685069440979,-0.6401685323043752,0.02061931975185871,-5.817584991455078,1.7732614278793335,-0.049919869750738144,-0.10982371121644974,0.23295938968658447
0.39492151141166687,-0.010079557076096535,0.019699618220329285,0.14491058439448157,-0.8654101751877888,1.474624786142173,-1.5708804826853433,-0.8031204351874897,-0.6401759891554274,0.0,-4.718199253082275,1.7801345586776733,-0.06655982881784439,-0.18303953111171722,0.24294336140155792
0.39492154121398926,-0.010079554282128811,0.019599616527557373,0.1449153780844437,-0.8654900700204913,1.474624786142173,-1.5708874069041774,-0.8028727612061122,-0.6401717280976833,0.02061931975185871,-3.069119691848755,1.7595151662826538,-0.05990384519100189,-0.19967947900295258,0.24627135694026947
0.39492157101631165,-0.010079549625515938,0.019499674439430237,0.1449177749294248,-0.8663119215328898,1.4746050787501066,-1.570976356484586,-0.8025803461184216,-0.6401648038788491,0.027492424473166466,-5.932104587554932,1.6770379543304443,-0.10316773504018784,-0.19967947900295258,0.23628738522529602
0.39492157101631165,-0.010079539380967617,0.019399702548980713,0.14492256861938693,-0.8663167152228519,1.4746002850601443,-1.5709688996335336,-0.8024546449149698,-0.6401759891554274,0.02061931975185871,-5.313699722290039,1.6564186811447144,-0.11647969484329224,-0.2562553286552429,0.21299144625663757
0.39492160081863403,-0.010079520754516125,0.019299685955047607,0.1449201717744059,-0.8663390857760086,1.4746173292911209,-1.5709651712080075,-0.8022810068118966,-0.6401759891554274,0.03436553105711937,-4.053986072540283,1.5670682191848755,-0.10316773504018784,-0.342783123254776,0.21299144625663757
0.3949216306209564,-0.010079508647322655,0.019199669361114502,0.144924965464368,-0.8663982079522083,1.4746151987622487,-1.5709577143569555,-0.8021110971343496,-0.6401717280976833,0.04811174422502518,-2.4507150650024414,1.5464489459991455,-0.09983973950147629,-0.39270296692848206,0.21299144625663757
0.3949216306209564,-0.010079499334096909,0.019099697470664978,0.14493242231542025,-0.8672717247897543,1.474585903990258,-1.5709875417611643,-0.8018330631165452,-0.6401573470277968,0.02061931975185871,-5.703065872192383,1.4914640188217163,-0.12979166209697723,-0.43263885378837585,0.20966345071792603
0.3949216306209564,-0.010079490020871162,0.018999680876731873,0.1449177749294248,-0.8672754532152804,1.4745981545312723,-1.570980084910112,-0.8017148187641459,-0.6401791849487355,0.02061931975185871,-5.3595075607299805,1.484591007232666,-0.11315170675516129,-0.48588672280311584,0.21631942689418793
0.3949216604232788,-0.010079484432935715,0.018899738788604736,0.1449276286254581,-0.867293030078475,1.4746050787501066,-1.5709726280590597,-0.8014671447827684,-0.6401573470277968,0.027492424473166466,-3.939466953277588,1.422732949256897,-0.12979166209697723,-0.5358065962791443,0.20966345071792603
0.39492160081863403,-0.010079496540129185,0.01879975199699402,0.144924965464368,-0.8675811841084216,1.47458803451913,-1.570980084910112,-0.8010341147895216,-0.6401685323043752,0.03436553105711937,-2.8858885765075684,1.4502253532409668,-0.12313567847013474,-0.49254271388053894,0.21631942689418793
0.39492160081863403,-0.010079479776322842,0.0186997652053833,0.14493002547043915,-0.8676163378348106,1.4746050787501066,-1.5709651712080075,-0.8006090742795449,-0.6401717280976833,0.0068731061182916164,-2.1300606727600098,1.4296060800552368,-0.12979166209697723,-0.39935895800590515,0.21299144625663757
0.39492160081863403,-0.010079490020871162,0.018599793314933777,0.1449276286254581,-0.8682576270253016,1.47459069768022,-1.570980084910112,-0.7996066604452391,-0.6401685323043752,0.04811174422502518,-3.435581922531128,1.3265094757080078,-0.13644765317440033,-0.05324786156415939,0.20966345071792603
0.3949216306209564,-0.01007948536425829,0.018499836325645447,0.144924965464368,-0.8682608228186097,1.4746029482212344,-1.5709912701866904,-0.7996439447005002,-0.6401834460064797,0.013746212236583233,-3.000408172607422,1.299017071723938,-0.13977563381195068,-0.029951922595500946,0.22297541797161102
0.3949216306209564,-0.01007947325706482,0.018399834632873535,0.14493242231542025,-0.8683066291893591,1.4746050787501066,-1.5709838133356382,-0.7995619193389257,-0.6401717280976833,0.04123863950371742,-1.969733476638794,1.3127632141113281,-0.13977563381195068,-0.07987179607152939,0.21964742243289948
0.3949216306209564,-0.010079470463097095,0.018299788236618042,0.1449348191604013,-0.868675210684226,1.4745981545312723,-1.5709987270377423,-0.7992924074366096,-0.6401759891554274,0.04123863950371742,-2.0155413150787354,1.3196364641189575,-0.1530875861644745,-0.10316773504018784,0.19967947900295258
0.3949216306209564,-0.010079469531774521,0.018199756741523743,0.14493002547043915,-0.8690533795590172,1.4745933608413102,-1.571006183888795,-0.7990516576740665,-0.6401648038788491,0.03436553105711937,-2.198772430419922,1.2646515369415283,-0.15641559660434723,-0.12979166209697723,0.20300747454166412
0.3949216306209564,-0.010079480707645416,0.018099799752235413,0.14493002547043915,-0.86907681537661,1.4745981545312723,-1.571009379682103,-0.79890039012415,-0.6401717280976833,0.04123863950371742,-1.603271484375,1.1409356594085693,-0.1530875861644745,-0.17971153557300568,0.23628738522529602
0.3949216306209564,-0.01007948350161314,0.01799982786178589,0.14493721600538237,-0.8691929292001375,1.4745954913701822,-1.5710024554632689,-0.7987262193888588,-0.640161075453323,0.04123863950371742,-0.7329241037368774,1.1959205865859985,-0.14643160998821259,-0.22963140904903412,0.24627135694026947
0.3949216306209564,-0.010079475119709969,0.017899811267852783,0.14493721600538237,-0.8698789594969418,1.474583240829168,-1.571013640739847,-0.7985264823071028,-0.6401685323043752,0.03436553105711937,-2.977504014968872,1.1271895170211792,-0.15641559660434723,-0.2828792631626129,0.23961538076400757
0.3949216306209564,-0.010079476982355118,0.01779980957508087,0.1449470697014157,-0.8698885468768661,1.4745981545312723,-1.571009379682103,-0.7983784105504945,-0.6401685323043752,0.04811174422502518,-2.0613489151000977,1.1340625286102295,-0.14975960552692413,-0.37273502349853516,0.24959935247898102
0.39492157101631165,-0.010079481638967991,0.017699778079986572,0.14494200969534451,-0.8699146458555489,1.4745954913701822,-1.5710168365331552,-0.7982377956449382,-0.6401717280976833,0.04123863950371742,-0.984866738319397,1.1340625286102295,-0.14975960552692413,-0.43929484486579895,0.21299144625663757
0.39492157101631165,-0.01007948350161314,0.017599746584892273,0.14495426023635888,-0.8707423563223455,1.4745763166103336,-1.5710280218097337,-0.7980162206422438,-0.640161075453323,0.06873106211423874,-2.542330503463745,1.0378390550613403,-0.15641559660434723,-0.4759027659893036,0.21631942689418793
0.39492160081863403,-0.010079474188387394,0.017499759793281555,0.14495665708133995,-0.8707418236901275,1.47458803451913,-1.5710354786607856,-0.797856963609057,-0.6401759891554274,0.06873106211423874,-2.565234422683716,0.9966004490852356,-0.14975960552692413,-0.5457906126976013,0.21299144625663757
0.39492160081863403,-0.010079469531774521,0.017399758100509644,0.1449518633913778,-0.8707695205654644,1.474581110300296,-1.5710242933842076,-0.7976316601808363,-0.6401717280976833,0.07560417056083679,-1.5803676843643188,0.9622349143028259,-0.16639956831932068,-0.5957104563713074,0.24294336140155792
0.3949216306209564,-0.010079480707645416,0.017299771308898926,0.1449446728564346,-0.8708701880546693,1.4745784471392056,-1.571020564958681,-0.7973578872207762,-0.640161075453323,0.10309658944606781,-0.3435581624507904,0.9072499871253967,-0.1530875861644745,-0.6156784296035767,0.22963140904903412
0.3949216306209564,-0.010079468600451946,0.01719975471496582,0.14495426023635888,-0.8718006965395431,1.4745688597592814,-1.5710392070863117,-0.7969472277806859,-0.6401759891554274,0.08247727900743484,-2.633946180343628,0.866011381149292,-0.15641559660434723,-0.579070508480072,0.20966345071792603
0.3949216306209564,-0.010079469531774521,0.01709979772567749,0.14495665708133995,-0.8718006965395431,1.4745763166103336,-1.5710354786607856,-0.7967027495926166,-0.6401573470277968,0.09622348845005035,-2.7255616188049316,0.9553617238998413,-0.16972754895687103,-0.5724145174026489,0.23961538076400757
0.3949216306209564,-0.010079472325742245,0.016999751329421997,0.1449617170874111,-0.8718156102416476,1.47458803451913,-1.571013640739847,-0.7951900740934517,-0.640161075453323,0.10996969789266586,-1.901021957397461,0.8453920483589172,-0.17638354003429413,-0.05990384519100189,0.21299144625663757
0.39492160081863403,-0.010079464875161648,0.01689973473548889,0.1449617170874111,-0.8721351895724571,1.474581110300296,-1.571020564958681,-0.7953381458500599,-0.6401717280976833,0.09622348845005035,-1.1910016536712646,0.7766609787940979,-0.17305554449558258,-0.013311965391039848,0.22963140904903412
0.3949216306209564,-0.010079455561935902,0.01679977774620056,0.14496411393239217,-0.8724611604898828,1.4745784471392056,-1.5710392070863117,-0.7952752952483342,-0.6401791849487355,0.09622348845005035,-1.1910016536712646,0.8178996443748474,-0.15974359214305878,-0.06655982881784439,0.23295938968658447
0.3949216604232788,-0.010079444386065006,0.016699790954589844,0.1449617170874111,-0.8724670194442808,1.474585903990258,-1.5710392070863117,-0.7951533224704085,-0.6401791849487355,0.10309658944606781,-0.7787318825721741,0.7972803115844727,-0.15974359214305878,-0.13311965763568878,0.21299144625663757
0.3949216604232788,-0.010079448111355305,0.01659974455833435,0.14496651077737327,-0.8728702220333189,1.4745736534492435,-1.5710392070863117,-0.7949535853886526,-0.6401717280976833,0.10996969789266586,-1.099386215209961,0.742295503616333,-0.18303953111171722,-0.20633547008037567,0.24627135694026947
0.3949216902256012,-0.010079446248710155,0.016499757766723633,0.14496651077737327,-0.8730609043673686,1.4745709902881536,-1.5710429355118378,-0.7947799472855794,-0.6401834460064797,0.10996969789266586,-1.122290015220642,0.6735644340515137,-0.17638354003429413,-0.262911319732666,0.22630341351032257
0.3949216902256012,-0.010079439729452133,0.01639978587627411,0.14496651077737327,-0.873143994993379,1.4745954913701822,-1.5710541207884163,-0.7945578396506667,-0.6401717280976833,0.10996969789266586,0.13742327690124512,0.6323257684707642,-0.18969550728797913,-0.31283119320869446,0.21631942689418793
0.3949216604232788,-0.01007943693548441,0.01629975438117981,0.14496651077737327,-0.8741080593079876,1.4745784471392056,-1.5711057861135638,-0.7944912606234149,-0.6401834460064797,0.11684281378984451,-0.7787318825721741,0.6048333644866943,-0.18969550728797913,-0.40601494908332825,0.23295938968658447
0.3949216604232788,-0.010079443454742432,0.016199693083763123,0.14495426023635888,-0.8741112551012957,1.47458803451913,-1.571116971390142,-0.7943730162710153,-0.640161075453323,0.10996969789266586,-2.473618984222412,0.5773409605026245,-0.21631942689418793,-0.48588672280311584,0.20633547008037567
0.3949216306209564,-0.01007943693548441,0.0160997211933136,0.14496890762235431,-0.874118711952348,1.47458803451913,-1.571087143985933,-0.794228672939933,-0.6401791849487355,0.12371591478586197,-1.8323101997375488,0.5842140316963196,-0.20966345071792603,-0.5890544056892395,0.23295938968658447
0.3949216604232788,-0.010079439729452133,0.01599965989589691,0.14496890762235431,-0.8742774363533167,1.4745933608413102,-1.5710983292625116,-0.7940619590556941,-0.6401573470277968,0.09622348845005035,-1.0764822959899902,0.5086098313331604,-0.22963140904903412,-0.6822382211685181,0.23961538076400757
0.3949216902256012,-0.010079440660774708,0.015899688005447388,0.14496411393239217,-0.8743466785416588,1.4745981545312723,-1.5711057861135638,-0.7938659503994643,-0.6401717280976833,0.09622348845005035,0.02290387824177742,0.5086098313331604,-0.22297541797161102,-0.7022061347961426,0.21964742243289948
0.3949217200279236,-0.010079430416226387,0.015799671411514282,0.14495665708133995,-0.8752958291541629,1.474581110300296,-1.5712021925450246,-0.7936518322478219,-0.6401791849487355,0.10996969789266586,-1.282617211341858,0.5086098313331604,-0.25958332419395447,-0.7953898906707764,0.21964742243289948
0.39492174983024597,-0.010079431347548962,0.015699684619903564,0.14496411393239217,-0.8752809154520585,1.474585903990258,-1.5711649082897634,-0.7933812550810698,-0.6401834460064797,0.12371591478586197,-2.473618984222412,0.46737125515937805,-0.2828792631626129,-0.8020459413528442,0.24294336140155792
0.39492174983024597,-0.010079436004161835,0.01559971272945404,0.14495905392632102,-0.8752894375675468,1.47459069768022,-1.5711723651408158,-0.7930414357259757,-0.6401717280976833,0.09622348845005035,-1.305521011352539,0.433005690574646,-0.2828792631626129,-0.7654380202293396,0.21964742243289948
0.39492180943489075,-0.010079440660774708,0.015499696135520935,0.14495905392632102,-0.8753251239261539,1.4746104050722868,-1.5711649082897634,-0.7917684447249179,-0.6401685323043752,0.10996969789266586,0.3435581624507904,0.41238635778427124,-0.262911319732666,-0.306175172328949,0.21631942689418793
0.39492183923721313,-0.010079441592097282,0.015399724245071411,0.14495426023635888,-0.8758785288006724,1.4745933608413102,-1.57118727884292,-0.7918579269375444,-0.6401759891554274,0.0893503800034523,-0.4351736903190613,0.41238635778427124,-0.2961912453174591,-0.3028472065925598,0.21631942689418793
0.39492180943489075,-0.010079437866806984,0.015299737453460693,0.14495665708133995,-0.8758902467094687,1.4746002850601443,-1.5712021925450246,-0.7917684447249179,-0.6401685323043752,0.11684281378984451,0.2290387749671936,0.39176705479621887,-0.3028472065925598,-0.3760630190372467,0.21631942689418793
0.39492183923721313,-0.010079445317387581,0.015199750661849976,0.1449617170874111,-0.8762449797666674,1.4745954913701822,-1.571191007268446,-0.7915841539774843,-0.6401717280976833,0.09622348845005035,-0.06871163845062256,0.37802085280418396,-0.2762232720851898,-0.4426228404045105,0.21299144625663757
0.39492183923721313,-0.010079436004161835,0.015099763870239258,0.14496411393239217,-0.8762646871587338,1.4746104050722868,-1.571191007268446,-0.7914323537953499,-0.6401648038788491,0.13746212422847748,0.9161550998687744,0.39176705479621887,-0.31283119320869446,-0.49254271388053894,0.22297541797161102
0.39492180943489075,-0.010079429484903812,0.01499977707862854,0.1449446728564346,-0.8766135612615342,1.4746002850601443,-1.5712240304659633,-0.791269368336637,-0.6401685323043752,0.11684281378984451,0.8703473806381226,0.35052841901779175,-0.28620725870132446,-0.5890544056892395,0.19967947900295258
0.39492174983024597,-0.01007942296564579,0.01489982008934021,0.14495905392632102,-0.8768894647504664,1.4745981545312723,-1.5712352157425415,-0.7911548524097635,-0.6401866417997877,0.0893503800034523,1.3284249305725098,0.3230360150337219,-0.27955126762390137,-0.6589422821998596,0.22630341351032257
0.39492174983024597,-0.010079421103000641,0.014799773693084717,0.1449518633913778,-0.8769267490057275,1.4746029482212344,-1.5712538578701722,-0.7909918669510507,-0.6401759891554274,0.04123863950371742,1.9926375150680542,0.3092897832393646,-0.31948718428611755,-0.7388140559196472,0.22963140904903412
0.3949216902256012,-0.010079416446387768,0.014699801802635193,0.1449470697014157,-0.8775493960685881,1.4746050787501066,-1.571283152642163,-0.7908624373220728,-0.6401791849487355,0.08247727900743484,-0.2519426643848419,0.2543049156665802,-0.3361271321773529,-0.8652777075767517,0.22297541797161102
0.39492174983024597,-0.010079418309032917,0.014599800109863281,0.14494200969534451,-0.8775568529196404,1.4746029482212344,-1.571275695791111,-0.7907106371399383,-0.6401791849487355,0.06873106211423874,0.8016357421875,0.24055872857570648,-0.36607906222343445,-0.9251815676689148,0.22297541797161102
0.39492177963256836,-0.010079423896968365,0.014499843120574951,0.14494946654639673,-0.8775866803238491,1.4746050787501066,-1.5712724999978027,-0.7905519127389696,-0.6401685323043752,0.08247727900743484,2.473618984222412,0.20619317889213562,-0.31948718428611755,-1.0050534009933472,0.21964742243289948
0.39492177963256836,-0.01007941272109747,0.014399856328964233,0.1449470697014157,-0.8786977511306302,1.4745981545312723,-1.5713241653229502,-0.790396384131309,-0.6401717280976833,0.09622348845005035,1.6261754035949707,0.21993939578533173,-0.37939101457595825,-1.061629295349121,0.23295938968658447
0.39492177963256836,-0.010079418309032917,0.01429980993270874,0.14493961285036347,-0.8786652605653312,1.4746077419111967,-1.5713167084718982,-0.7902339313048142,-0.6401685323043752,0.0893503800034523,-0.5496931076049805,0.21306629478931427,-0.4093429148197174,-1.1514849662780762,0.22297541797161102
0.39492177963256836,-0.01007941272109747,0.014199793338775635,0.14494946654639673,-0.8786695216230754,1.4746077419111967,-1.5713092516208458,-0.7899303309405451,-0.6401573470277968,0.07560417056083679,0.09161551296710968,0.20619317889213562,-0.3827190101146698,-1.158141016960144,0.21964742243289948
0.39492174983024597,-0.010079417377710342,0.01409977674484253,0.14493961285036347,-0.8787046753494645,1.4746151987622487,-1.5713167084718982,-0.789523932558199,-0.6401648038788491,0.08247727900743484,1.5803676843643188,0.1649545580148697,-0.40601494908332825,-1.088253140449524,0.23961538076400757
0.39492177963256836,-0.010079427622258663,0.013999760150909424,0.14493721600538237,-0.8788282460240441,1.4746151987622487,-1.5713167084718982,-0.7891500247411519,-0.6401866417997877,0.04811174422502518,2.611042022705078,0.1649545580148697,-0.3627510368824005,-1.0150374174118042,0.22963140904903412
0.39492174983024597,-0.01007943507283926,0.013899773359298706,0.14493721600538237,-0.8797065565515522,1.4746029482212344,-1.5713609169459934,-0.7889944961334913,-0.6401685323043752,0.07560417056083679,-0.29775041341781616,0.12371591478586197,-0.3494390845298767,-1.048317313194275,0.24627135694026947
0.3949216902256012,-0.010079439729452133,0.0137997567653656,0.14493242231542025,-0.8797028281260262,1.4746125356011588,-1.5713428074505809,-0.7885321713682536,-0.6401866417997877,0.06873106211423874,0.1145193874835968,0.11684281378984451,-0.38604697585105896,-0.9251815676689148,0.22963140904903412
0.3949216604232788,-0.01007944718003273,0.013699695467948914,0.14494200969534451,-0.8797379818524153,1.4746173292911209,-1.5713460032438888,-0.788351076414128,-0.6401685323043752,0.05498484894633293,1.488752007484436,0.12371591478586197,-0.4426228404045105,-0.9651175141334534,0.24627135694026947
0.3949216902256012,-0.010079430416226387,0.01359972357749939,0.14494200969534451,-0.8798381167094022,1.474622122981083,-1.5713758306480978,-0.7881103266515849,-0.640161075453323,0.03436553105711937,2.977504014968872,0.08247727900743484,-0.4026869535446167,-0.9751014709472656,0.22630341351032257
0.3949217200279236,-0.01007942296564579,0.013499662280082703,0.14493242231542025,-0.8803180183378344,1.4746173292911209,-1.5713609169459934,-0.7878850232233644,-0.6401717280976833,0.06873106211423874,1.786502480506897,0.0893503800034523,-0.36607906222343445,-0.9817574620246887,0.22297541797161102
0.39492174983024597,-0.010079429484903812,0.013399630784988403,0.14493721600538237,-0.8807340041001048,1.474624786142173,-1.5713758306480978,-0.7875191048895874,-0.6401909028575319,0.0068731061182916164,-0.04580775648355484,0.06873106211423874,-0.45926281809806824,-0.8785896897315979,0.21631942689418793
0.39492177963256836,-0.010079439729452133,0.013299554586410522,0.14493721600538237,-0.8807435914800291,1.4746274493032632,-1.5713683737970456,-0.7874189700326004,-0.6401685323043752,0.03436553105711937,1.3284249305725098,0.061857957392930984,-0.3760630190372467,-1.0050534009933472,0.22297541797161102
0.39492177963256836,-0.010079446248710155,0.013199582695960999,0.14493242231542025,-0.8810567792242224,1.4746295798321354,-1.5713795590736237,-0.7872746267015182,-0.6401759891554274,0.04811174422502518,2.336195468902588,0.04811174422502518,-0.41932690143585205,-1.0815972089767456,0.22297541797161102
0.39492177963256836,-0.010079443454742432,0.013099610805511475,0.14492256861938693,-0.8810759539840711,1.4746295798321354,-1.5713832874991498,-0.7871153696683313,-0.6401573470277968,0.02061931975185871,3.0920236110687256,0.04123863950371742,-0.3827190101146698,-1.1415010690689087,0.22963140904903412
0.39492174983024597,-0.01007943693548441,0.01299959421157837,0.14493242231542025,-0.8811819477954561,1.474624786142173,-1.5713832874991498,-0.7870083105925101,-0.640161075453323,0.03436553105711937,4.443352222442627,0.027492424473166466,-0.42598289251327515,-1.2479966878890991,0.22963140904903412
0.39492177963256836,-0.01007942296564579,0.012899577617645264,0.144924965464368,-0.8820304309187553,1.474624786142173,-1.5714461381008757,-0.7868900662401106,-0.6401834460064797,0.027492424473166466,1.4658482074737549,0.027492424473166466,-0.4559348225593567,-1.3644764423370361,0.21299144625663757
0.39492177963256836,-0.01007942482829094,0.01279953122138977,0.1449276286254581,-0.8820261698610113,1.474624786142173,-1.5714312243987714,-0.7867158955048195,-0.6401791849487355,0.027492424473166466,1.7406947612762451,-0.0068731061182916164,-0.4692467749118805,-1.4443482160568237,0.23961538076400757
0.39492180943489075,-0.01007942482829094,0.01269957423210144,0.14493242231542025,-0.8820538667363481,1.474622122981083,-1.5714461381008757,-0.7865720848059552,-0.6401759891554274,0.03436553105711937,3.435581922531128,-0.04811174422502518,-0.47257477045059204,-1.5208920240402222,0.21299144625663757
0.3949218690395355,-0.010079419240355492,0.01259961724281311,0.14493242231542025,-0.8821049994292777,1.4746274493032632,-1.5714386812498238,-0.7863792719430335,-0.6401573470277968,0.061857957392930984,4.6952948570251465,-0.04811174422502518,-0.45926281809806824,-1.5874518156051636,0.19635148346424103
0.3949218988418579,-0.010079426690936089,0.012499600648880005,0.14493242231542025,-0.8832501586980117,1.4746151987622487,-1.5714685086540325,-0.7861614253658651,-0.6401791849487355,0.061857957392930984,0.6642124652862549,-0.08247727900743484,-0.4692467749118805,-1.6107478141784668,0.23961538076400757
0.3949218988418579,-0.010079418309032917,0.012399613857269287,0.14493002547043915,-0.8832416365825234,1.474624786142173,-1.5714610518029803,-0.785858357633814,-0.640161075453323,0.06873106211423874,0.3435581624507904,-0.0893503800034523,-0.4892147183418274,-1.6040918827056885,0.23295938968658447
0.3949219286441803,-0.010079425759613514,0.012299597263336182,0.14493242231542025,-0.8832554850201919,1.474622122981083,-1.5714834223561371,-0.7855771278227016,-0.640161075453323,0.061857957392930984,1.8323101997375488,-0.10309658944606781,-0.4825587570667267,-1.6074198484420776,0.22963140904903412
0.3949219286441803,-0.010079429484903812,0.012199610471725464,0.14493721600538237,-0.8832970303331971,1.474624786142173,-1.5714461381008757,-0.785318268564746,-0.6401717280976833,0.05498484894633293,3.3210623264312744,-0.0893503800034523,-0.4759027659893036,-1.5974358320236206,0.22297541797161102
0.3949218988418579,-0.01007942482829094,0.012099593877792358,0.1449276286254581,-0.8839830606300014,1.4746151987622487,-1.5714866181494451,-0.784951817598751,-0.6401866417997877,0.061857957392930984,2.6568498611450195,-0.11684281378984451,-0.5125106573104858,-1.5308760404586792,0.22963140904903412
0.3949219286441803,-0.010079425759613514,0.011999577283859253,0.14493961285036347,-0.8839851911588735,1.474622122981083,-1.5714903465749712,-0.7843600632045354,-0.6401648038788491,0.013746212236583233,2.633946180343628,-0.11684281378984451,-0.4958707094192505,-1.3678045272827148,0.25292733311653137
0.3949219584465027,-0.010079431347548962,0.011899545788764954,0.144924965464368,-0.8840171490919545,1.4746295798321354,-1.5714759655050847,-0.7843046694538618,-0.6401834460064797,0.04811174422502518,3.9165632724761963,-0.13746212422847748,-0.5324786305427551,-1.411068320274353,0.22630341351032257
0.39492201805114746,-0.010079431347548962,0.011799544095993042,0.14493721600538237,-0.8843527073893045,1.474622122981083,-1.5714759655050847,-0.7840234396427495,-0.6401759891554274,0.06873106211423874,3.8249475955963135,-0.15120834112167358,-0.5125106573104858,-1.4077402353286743,0.22963140904903412
0.39492201805114746,-0.01007942296564579,0.011699527502059937,0.144924965464368,-0.8847271478385696,1.4746173292911209,-1.5714866181494451,-0.7838274309865195,-0.6401648038788491,0.013746212236583233,3.5271973609924316,-0.1649545580148697,-0.5291506052017212,-1.4077402353286743,0.22963140904903412
0.39492207765579224,-0.010079418309032917,0.011599540710449219,0.14493002547043915,-0.8847548447139065,1.4746125356011588,-1.5714866181494451,-0.7836388791813419,-0.6401648038788491,0.027492424473166466,4.28302526473999,-0.15808144211769104,-0.5058546662330627,-1.4543321132659912,0.20300747454166412
0.39492204785346985,-0.010079415515065193,0.011499539017677307,0.14493242231542025,-0.8854680392538297,1.4746104050722868,-1.571508988702602,-0.7834018578443249,-0.640161075453323,0.013746212236583233,1.717790961265564,-0.19932007789611816,-0.5491185784339905,-1.5042520761489868,0.21631942689418793
0.39492204785346985,-0.010079415515065193,0.011399537324905396,0.1449276286254581,-0.885474963472664,1.4746125356011588,-1.571508988702602,-0.7832798850663992,-0.6401866417997877,0.027492424473166466,2.633946180343628,-0.17182765901088715,-0.5191666483879089,-1.567483901977539,0.22297541797161102
0.3949219882488251,-0.010079418309032917,0.01129952073097229,0.14492256861938693,-0.8855266287978114,1.4746125356011588,-1.571508988702602,-0.7829842741854004,-0.6401648038788491,0.0,4.512063980102539,-0.26117804646492004,-0.5191666483879089,-1.5342040061950684,0.23628738522529602
0.3949219882488251,-0.01007942482829094,0.01119948923587799,0.14492256861938693,-0.8855868162384473,1.474624786142173,-1.5715052602770758,-0.7828543119242045,-0.6401759891554274,0.03436553105711937,5.932104587554932,-0.24055872857570648,-0.5457906126976013,-1.6406997442245483,0.20966345071792603
0.3949219882488251,-0.01007942482829094,0.011099517345428467,0.14492256861938693,-0.886287227605138,1.4745981545312723,-1.5715718393043274,-0.7827030443742881,-0.6401685323043752,0.027492424473166466,2.840080976486206,-0.2543049156665802,-0.5191666483879089,-1.7172435522079468,0.23628738522529602
0.39492201805114746,-0.010079429484903812,0.010999500751495361,0.14493242231542025,-0.8862946844561903,1.4745954913701822,-1.5715531971766972,-0.7825475157666274,-0.6401866417997877,0.05498484894633293,4.28302526473999,-0.2817973792552948,-0.5025267004966736,-1.8137552738189697,0.19635148346424103
0.39492207765579224,-0.010079438798129559,0.010899484157562256,0.14493002547043915,-0.8865002804923444,1.4745981545312723,-1.5715569256022233,-0.7823701492380282,-0.6401791849487355,0.03436553105711937,5.3595075607299805,-0.2817973792552948,-0.5624305009841919,-1.8902990818023682,0.23295938968658447
0.39492201805114746,-0.010079439729452133,0.010799497365951538,0.1449201717744059,-0.8865610005651982,1.4745981545312723,-1.571575567729854,-0.7821853258583767,-0.6401759891554274,0.02061931975185871,5.955008029937744,-0.28867048025131226,-0.5058546662330627,-1.9102669954299927,0.23628738522529602
0.39492201805114746,-0.010079446248710155,0.010699525475502014,0.1449276286254581,-0.8874164079073317,1.4745688597592814,-1.5716091235595888,-0.781726196886447,-0.6401834460064797,0.013746212236583233,4.351736545562744,-0.3161628842353821,-0.5957104563713074,-1.8902990818023682,0.20966345071792603
0.39492204785346985,-0.010079431347548962,0.010599508881568909,0.144924965464368,-0.8874041573663174,1.474583240829168,-1.5715942098574842,-0.7815855819808909,-0.6401759891554274,0.04811174422502518,3.8936593532562256,-0.33678221702575684,-0.6056944131851196,-1.8969550132751465,0.21964742243289948
0.39492207765579224,-0.010079426690936089,0.010499492287635803,0.14492256861938693,-0.8874217342295118,1.474585903990258,-1.5716123193528968,-0.7812489584191049,-0.640161075453323,0.027492424473166466,5.428219318389893,-0.3436553180217743,-0.6190063953399658,-1.8570191860198975,0.23961538076400757
0.39492201805114746,-0.010079428553581238,0.010399430990219116,0.1449201717744059,-0.887495237475598,1.4746002850601443,-1.5716091235595888,-0.7805687870766986,-0.6401648038788491,0.0068731061182916164,6.710836410522461,-0.41238635778427124,-0.5990384221076965,-1.6673235893249512,0.20300747454166412
0.39492204785346985,-0.010079430416226387,0.01029941439628601,0.1449201717744059,-0.8882158888665734,1.4745784471392056,-1.5716235046294753,-0.7804356290221947,-0.6401834460064797,0.027492424473166466,4.374640464782715,-0.37802085280418396,-0.5724145174026489,-1.6340436935424805,0.22963140904903412
0.39492201805114746,-0.010079444386065006,0.010199472308158875,0.1449201717744059,-0.8882206825565356,1.474583240829168,-1.5716309614805275,-0.7802689151379557,-0.6401648038788491,0.013746212236583233,5.130468845367432,-0.3436553180217743,-0.5657585263252258,-1.6606676578521729,0.21299144625663757
0.39492201805114746,-0.010079454630613327,0.010099425911903381,0.14491298123946267,-0.888735737911357,1.4745709902881536,-1.5716384183315795,-0.7799876853268433,-0.6401866417997877,0.03436553105711937,4.53496789932251,-0.4192594885826111,-0.622334361076355,-1.6839635372161865,0.20966345071792603
0.39492204785346985,-0.010079460218548775,0.009999409317970276,0.14491298123946267,-0.888736270543575,1.4745736534492435,-1.5716607888847363,-0.7798476030535052,-0.6401648038788491,0.02061931975185871,5.130468845367432,-0.39864015579223633,-0.5923824906349182,-1.720571517944336,0.19967947900295258
0.39492207765579224,-0.010079463943839073,0.009899437427520752,0.1449177749294248,-0.8887799463854521,1.4745763166103336,-1.571653332033684,-0.7796995312968967,-0.6401834460064797,0.02061931975185871,6.2985663414001465,-0.43987879157066345,-0.6023664474487305,-1.787131428718567,0.21299144625663757
0.39492207765579224,-0.010079457424581051,0.009799450635910034,0.14491298123946267,-0.889272098554899,1.4745592723793572,-1.5716751699546228,-0.7795328174126578,-0.6401866417997877,0.027492424473166466,6.229855060577393,-0.433005690574646,-0.6655982732772827,-1.8636751174926758,0.21964742243289948
0.39492207765579224,-0.010079457424581051,0.009699463844299316,0.14491298123946267,-0.8896630506029225,1.4745443586772526,-1.571686355231201,-0.7793629077351107,-0.6401834460064797,0.03436553105711937,5.474026679992676,-0.4467518925666809,-0.6023664474487305,-1.9502029418945312,0.23961538076400757
0.39492207765579224,-0.010079462081193924,0.00959952175617218,0.14491058439448157,-0.8896683769251027,1.474547021838343,-1.571686355231201,-0.7792483918082374,-0.6401866417997877,0.04811174422502518,5.88629674911499,-0.43987879157066345,-0.6456303000450134,-2.0300748348236084,0.19967947900295258
0.3949221670627594,-0.010079450905323029,0.009499534964561462,0.1449153780844437,-0.8899373561952006,1.474551815528305,-1.571686355231201,-0.7790598400030597,-0.6401685323043752,0.0068731061182916164,6.504701614379883,-0.4742443561553955,-0.6056944131851196,-2.083322525024414,0.20966345071792603
0.3949221968650818,-0.010079450905323029,0.00939948856830597,0.1449177749294248,-0.8899943478425284,1.474553946057177,-1.5716751699546228,-0.778834003942621,-0.6401759891554274,0.02061931975185871,7.443760395050049,-0.5017367601394653,-0.6156784296035767,-2.123258590698242,0.21631942689418793
0.3949222266674042,-0.010079437866806984,0.00929945707321167,0.1449153780844437,-0.8900790363651929,1.474549152367215,-1.571679431012367,-0.7786305384353389,-0.6401791849487355,0.0,8.657666206359863,-0.5017367601394653,-0.6822382211685181,-2.163194417953491,0.22297541797161102
0.3949221968650818,-0.010079432278871536,0.00919950008392334,0.14490312754342935,-0.8908833110143968,1.4745028133642475,-1.5717678479605577,-0.7780531651110097,-0.6401759891554274,0.0,5.725969314575195,-0.5429753661155701,-0.6622703075408936,-2.0300748348236084,0.20633547008037567
0.3949221670627594,-0.010079425759613514,0.009099513292312622,0.1449079212333915,-0.8908998226131553,1.4745251839174043,-1.5717566626839792,-0.7776467667286636,-0.6401791849487355,0.0068731061182916164,6.435989856719971,-0.5635947585105896,-0.6955502033233643,-1.8170832395553589,0.20633547008037567
0.394922137260437,-0.010079436004161835,0.008999541401863098,0.1449007306984483,-0.8909829132391658,1.4745273144462763,-1.5717603911095053,-0.7774097453916466,-0.6401834460064797,0.013746212236583233,7.672799587249756,-0.5842140316963196,-0.6622703075408936,-1.8603471517562866,0.19302348792552948
0.3949221074581146,-0.010079441592097282,0.00889955461025238,0.1449007306984483,-0.8910601449107781,1.4745299776073664,-1.5717678479605577,-0.7770289133557653,-0.6401791849487355,-0.0068731061182916164,9.001224517822266,-0.556721568107605,-0.6522862911224365,-1.780475378036499,0.21631942689418793
0.3949221670627594,-0.010079427622258663,0.008799493312835693,0.1449177749294248,-0.8918649521922001,1.4745150639052618,-1.571786490088188,-0.7767886962254401,-0.6401866417997877,0.0068731061182916164,6.069528102874756,-0.6117064952850342,-0.7188461422920227,-1.7638354301452637,0.22630341351032257
0.394922137260437,-0.010079444386065006,0.0086994469165802,0.14491058439448157,-0.8918713437788162,1.4745198575952239,-1.5717753048116097,-0.7766406244688316,-0.6401909028575319,-0.013746212236583233,6.596316814422607,-0.6048333644866943,-0.7121901512145996,-1.820411205291748,0.22297541797161102
0.3949221670627594,-0.010079444386065006,0.008599415421485901,0.14490312754342935,-0.8919011711830251,1.4745251839174043,-1.5717790332371357,-0.7764701821590666,-0.6401759891554274,-0.013746212236583233,8.337011337280273,-0.5842140316963196,-0.675582230091095,-1.8836431503295898,0.21299144625663757
0.3949221670627594,-0.010079444386065006,0.008499369025230408,0.1449153780844437,-0.892338994866234,1.4745102702152997,-1.571790218513714,-0.7762784345605809,-0.6401717280976833,0.0,7.695703029632568,-0.6185795664787292,-0.7221741080284119,-1.9502029418945312,0.21964742243289948
0.3949221670627594,-0.010079455561935902,0.008399352431297302,0.14491058439448157,-0.8926271488961808,1.4744958891454132,-1.5718051322158186,-0.7761261017462284,-0.6401940986508399,0.0,7.558279991149902,-0.5773409605026245,-0.728830099105835,-2.013434648513794,0.20966345071792603
0.3949221074581146,-0.010079440660774708,0.008299410343170166,0.14491298123946267,-0.8926479215526832,1.4745081396864277,-1.571815784860179,-0.7759972047494685,-0.6401791849487355,-0.013746212236583233,8.63476276397705,-0.5979602932929993,-0.7121901512145996,-2.0866506099700928,0.20633547008037567
0.3949221074581146,-0.010079445317387581,0.008199378848075867,0.1449079212333915,-0.8932380780502448,1.4744420932913938,-1.5718711786108526,-0.7756786906830951,-0.6401834460064797,-0.0068731061182916164,6.115335464477539,-0.8041534423828125,-0.7754219770431519,-2.073338508605957,0.23295938968658447
0.394922137260437,-0.010079451836645603,0.009199380874633789,0.1449007306984483,-0.8909658690081893,1.474547021838343,-1.571752934258453,-0.7768664605292704,-0.6401685323043752,0.0,3.275254726409912,-0.6666913032531738,-0.7454700469970703,-1.194748878479004,0.19967947900295258
0.3949221968650818,-0.010079458355903625,0.010199368000030518,0.14492256861938693,-0.8887160305192903,1.4745592723793572,-1.5716123193528968,-0.779469966810932,-0.6401685323043752,0.0,0.6871163249015808,-0.6185795664787292,-0.5923824906349182,-1.1182050704956055,0.22630341351032257
0.3949221670627594,-0.010079457424581051,0.011199355125427246,0.144924965464368,-0.8863000107783705,1.4746807125250647,-1.5714940750004973,-0.7820553635971808,-0.6401866417997877,0.013746212236583233,-0.1145193874835968,-0.5154829621315002,-0.6023664474487305,-0.9850854277610779,0.23628738522529602
0.3949221670627594,-0.010079462081193924,0.012199342250823975,0.14493002547043915,-0.884264290441114,1.474717464148108,-1.5714424096753499,-0.7834465989506382,-0.6401866417997877,0.04123863950371742,-3.137831211090088,-0.3711477518081665,-0.5524465441703796,-0.4759027659893036,0.19967947900295258
0.394922137260437,-0.010079458355903625,0.013199403882026672,0.14493002547043915,-0.881649066250656,1.474717464148108,-1.5713683737970456,-0.7866605017541458,-0.6401834460064797,0.02061931975185871,-3.5271973609924316,-0.21306629478931427,-0.46591877937316895,-0.5524465441703796,0.21964742243289948
0.3949221670627594,-0.010079460218548775,0.014199405908584595,0.144924965464368,-0.8794450341325065,1.4747126704581457,-1.571312980046372,-0.7877737030897989,-0.6401717280976833,0.04123863950371742,-5.267892360687256,-0.05498484894633293,-0.4159989058971405,0.07654379308223724,0.19635148346424103
0.394922137260437,-0.01007946114987135,0.015199407935142517,0.14494200969534451,-0.8766306054925108,1.4748415674549056,-1.571146798794351,-0.7909141026472204,-0.6401717280976833,0.03436553105711937,-4.53496789932251,0.24743182957172394,-0.28620725870132446,0.043263886123895645,0.22297541797161102
0.394922137260437,-0.010079464875161648,0.016199439764022827,0.14493721600538237,-0.8749538792701969,1.4748511548348298,-1.571116971390142,-0.7942473150675635,-0.6401717280976833,0.04123863950371742,-8.795089721679688,0.5017367601394653,-0.2695672810077667,-0.23961538076400757,0.23295938968658447
0.3949221670627594,-0.010079463943839073,0.017199456691741943,0.144924965464368,-0.8717602164909738,1.475359818603035,-1.5709875417611643,-0.7976572265273011,-0.6401834460064797,0.03436553105711937,-6.321470737457275,1.1684280633926392,-0.16972754895687103,-0.35942307114601135,0.20966345071792603
0.3949221670627594,-0.010079454630613327,0.01819951832294464,0.1449201717744059,-0.8697809551688269,1.4753454375331485,-1.5709246911594383,-0.7984561748543249,-0.6401834460064797,0.04123863950371742,-9.688340187072754,1.587687611579895,-0.13977563381195068,0.10649572312831879,0.20966345071792603
0.3949221670627594,-0.010079453699290752,0.019199520349502563,0.1449348191604013,-0.8672605395131759,1.475359818603035,-1.5707840762538823,-0.8019033705693234,-0.6401717280976833,0.027492424473166466,-9.413494110107422,2.0825512409210205,-0.039935898035764694,-0.09651174396276474,0.22297541797161102
0.3949221670627594,-0.010079455561935902,0.020199596881866455,0.1449348191604013,-0.8653340087806126,1.4753528943842007,-1.5706876698224213,-0.8055875876213391,-0.6401685323043752,0.04123863950371742,-12.459710121154785,2.5018107891082764,0.026623930782079697,-0.10316773504018784,0.23961538076400757
0.394922137260437,-0.010079463943839073,0.021199584007263184,0.144924965464368,-0.8627107951068845,1.4753528943842007,-1.570476747464087,-0.806257106319385,-0.6401717280976833,0.04123863950371742,-12.665844917297363,2.8729584217071533,0.1530875861644745,0.289535254240036,0.22630341351032257
0.3949221670627594,-0.010079465806484222,0.022199586033821106,0.14492256861938693,-0.8593877026986837,1.475335850153224,-1.5704181579201053,-0.809819350593475,-0.6401834460064797,0.027492424473166466,-8.680569648742676,3.3678221702575684,0.21964742243289948,-0.033279914408922195,0.21631942689418793
0.3949221670627594,-0.01007947139441967,0.023199602961540222,0.144924965464368,-0.8573589065802614,1.4752165405363888,-1.5704810085218313,-0.8129299227466874,-0.6401834460064797,0.04811174422502518,-11.45193862915039,3.759589195251465,0.23295938968658447,-0.3161591589450836,0.20966345071792603
0.3949221670627594,-0.010079478845000267,0.024199604988098145,0.1449201717744059,-0.8548150551070176,1.4750871109074108,-1.570469823245253,-0.8145315478262611,-0.6401909028575319,0.04811174422502518,-9.802860260009766,4.062005519866943,0.22630341351032257,0.25958332419395447,0.20966345071792603
0.3949221670627594,-0.01007947139441967,0.025199592113494873,0.144924965464368,-0.8528464464292311,1.4748511548348298,-1.5704586379686745,-0.8175755409522216,-0.6401791849487355,0.013746212236583233,-12.826171875,4.364422798156738,0.22297541797161102,0.07654379308223724,0.20633547008037567
0.3949221074581146,-0.010079476051032543,0.026199549436569214,0.14493242231542025,-0.8496921984341412,1.4745614029082292,-1.5704586379686745,-0.8206861131054343,-0.6401717280976833,0.027492424473166466,-8.772185325622559,4.45377254486084,0.21964742243289948,-0.16307157278060913,0.20966345071792603
0.3949221074581146,-0.010079479776322842,0.027199536561965942,0.1449276286254581,-0.8480112111540833,1.4743984174495164,-1.5704735516707788,-0.8240262497446116,-0.6401834460064797,0.04123863950371742,-13.123922348022461,4.639346599578857,0.22963140904903412,-0.3760630190372467,0.21964742243289948
0.394922137260437,-0.010079476051032543,0.028199568390846252,0.14492256861938693,-0.8451967825140876,1.4734343531349077,-1.5704623663942006,-0.8253988429704385,-0.6401791849487355,0.02061931975185871,-9.642532348632812,3.745842933654785,0.23295938968658447,0.23961538076400757,0.21299144625663757
0.39492204785346985,-0.010079463012516499,0.0291995108127594,0.14493242231542025,-0.8428585270769979,1.473417308903931,-1.5704810085218313,-0.8286867816522503,-0.6401834460064797,0.04123863950371742,-10.65030288696289,4.055132865905762,0.22963140904903412,-0.13977563381195068,0.20300747454166412
